feature,ks_statistic,ks_pvalue,psi,drifted
mid_price,1.0,0.0,20.6741,True
microprice,1.0,0.0,20.6701,True
timestamp,1.0,0.0,20.6684,True
spread,0.6631,0.0,13.8561,True
ofi_3,0.3788,0.0,6.7039,True
spread_volatility,0.5464,0.0,4.5916,True
obi_3,0.4236,0.0,3.3597,True
relative_spread,0.2411,0.0,2.8459,True
obi_5,0.1318,0.0,2.4169,True
return_5,0.2438,0.0,0.7688,True
return_1,0.2888,0.0,0.7064,True
microprice_deviation,0.1995,0.0,0.6491,True
vwap_ask,0.2805,0.0,0.6241,True
vwap_bid,0.281,0.0,0.6037,True
return_10,0.2103,0.0,0.4576,True
depth_bid,0.1208,0.0,0.3733,True
return_50,0.1526,0.0,0.1961,True
obi_20,0.096,0.0,0.1786,True
ofi_4,0.0675,0.0,0.1296,True
book_pressure,0.0658,0.0,0.101,True
depth_ask,0.07,0.0,0.0951,True
ofi_5,0.0733,0.0,0.0608,True
depth_total,0.0613,0.0,0.0547,True
obi_1,0.0556,0.0,0.04,True
obi_10,0.0386,0.0,0.0384,True
ofi_1,0.0493,0.0,0.0339,True
ofi_2,0.0495,0.0,0.0293,True
obi_weighted,0.0547,0.0,0.0281,True
ofi_total,0.0512,0.0,0.0252,True
future_return,0.0598,0.0,0.0187,True
label,0.0167,0.058797,0.0029,False
